"user_26","user_46"
"user_46","user_40"
"user_30","user_46"
"user_2","user_46"
"user_15","user_46"
"user_5","user_46"
"user_41","user_46"
"user_40","user_46"
"user_9","user_40"
"user_16","user_46"
"user_36","user_46"
"user_14","user_40"
"user_25","user_46"
"user_27","user_46"
"user_38","user_46"
"user_8","user_40"
"user_11","user_46"
"user_20","user_46"
"user_3","user_46"
"user_33","user_40"
"user_45","user_46"
"user_22","user_46"
"user_19","user_46"
"user_31","user_46"
"user_42","user_46"
"user_37","user_46"
"user_39","user_46"
"user_48","user_46"
"user_7","user_46"
"user_10","user_46"
"user_21","user_46"
"user_4","user_40"
"user_17","user_46"
"user_29","user_46"
"user_23","user_46"
"user_0","user_46"
"user_34","user_46"
"user_12","user_46"
"user_44","user_33"
"user_43","user_46"
"user_18","user_40"
"user_32","user_46"
"user_49","user_46"
"user_1","user_46"
"user_47","user_40"
"user_6","user_46"
"user_24","user_40"
"user_13","user_46"
"user_35","user_46"
"user_28","user_46"
